Id,FirstName,LastName,Gender,CarBrand,Email	
1,Jennie,Manning,Female,volkswagen,ziihaz@zekvajem.vi
2,Elijah,Conner,Female,renault,kowot@fuic.cv
3,Bobby,Tran,Female,skoda,zez@vocpebi.bo
4,Abbie,Morales,Male,toyota,ni@razme.co
5,Scott,McLaughlin,Female,peugeot,hot@dim.kw
6,Troy,Norman,Male,fiat,fad@pu.ge
7,Francis,Kelley,Male,honda,festiw@dej.mm
8,Gregory,Guerrero,Female,volkswagen,pu@fusjo.ve
9,Benjamin,Clarke,Male,peugeot,famruz@vehevuja.zw
10,Herman,Garrett,Male,mercedes,madzitubo@bu.re
11,Andre,Copeland,Female,honda,bopkep@rir.rw
12,Alma,Santiago,Male,audi,vawbalu@zucucpo.ph
13,Adrian,Obrien,Male,fiat,dilibut@piw.sh
14,Harriet,Moody,Male,toyota,pic@nuipocon.bd
15,Christopher,Howard,Male,jeep,rovligo@sal.ck
16,Ollie,Carson,Male,audi,po@uwwor.wf
17,Gregory,Nguyen,Male,ford,no@puhumbod.ck
18,Lelia,Warner,Male,fiat,ke@voibeepu.mv
19,Kyle,Casey,Female,audi,te@ho.mg
20,Randy,Ballard,Male,mercedes,jeldefvuv@jebe.cr
21,Corey,Pittman,Female,dodge,buj@hi.pm
22,Franklin,Bryan,Female,skoda,be@nujbircu.aq
23,Francis,Armstrong,Male,opel,naz@girjinib.bv
24,Sally,Allen,Female,dodge,hevhecu@la.ss
25,Lee,Hughes,Male,peugeot,bibkekbon@awokios.ec
26,Lottie,King,Female,mercedes,gota@caso.eu
27,Frances,Phillips,Female,opel,uge@orupimo.ru
28,Rena,Graves,Male,honda,adudoc@sosahzak.kw
29,Bessie,Lane,Female,renault,nafele@mu.ke
30,Bess,Bishop,Female,jeep,aw@vof.ly
31,Theresa,Hamilton,Female,fiat,zi@sa.mk
32,Lilly,Valdez,Male,opel,kuvha@riow.io
33,Seth,Houston,Female,fiat,duv@dugikmo.ht
34,Leah,May,Male,bmw,zeslubic@me.bf
35,Gordon,Rodgers,Female,fiat,gec@ucada.fj
36,Abbie,Goodwin,Male,toyota,iweza@zihi.na
37,Eula,Cortez,Female,renault,mo@ejbom.bt
38,Edna,Rios,Female,peugeot,teifjul@fo.hr
39,Sarah,Fields,Male,jeep,wepfabke@zoofuwu.np
40,Rodney,Simmons,Male,toyota,do@tunneoba.mx
41,Anthony,Farmer,Male,renault,evu@rukuk.tf
42,Maggie,Simmons,Male,jeep,aheokone@cido.pn
43,Matilda,Wagner,Male,dodge,eburomje@ewtegji.fo
44,Fred,Webster,Male,skoda,sikha@haehjit.mw
45,Arthur,Vargas,Male,jeep,nuzor@hu.cx
46,Georgie,Norton,Female,audi,nonijo@hugofkoz.jo
47,Lillie,Blair,Female,dodge,ekpo@nibogu.tj
48,Samuel,Todd,Male,peugeot,mahej@kelgeg.ma
49,Claudia,Pena,Female,toyota,eze@dor.pg
50,Emma,Rose,Female,jeep,agaus@ahujopoz.wf

